timestamp,AmbientLightSensor
1.63565E+12,24.88937569
1.63565E+12,24.88937569
1.63565E+12,24.88937569
1.63565E+12,24.88937569
1.63565E+12,24.88937569
1.63565E+12,24.88937569
1.63565E+12,24.88937569
1.63565E+12,24.88937569
1.63565E+12,24.88937569
1.63565E+12,24.88937569
1.63565E+12,24.88937569
1.63565E+12,22.8445015
1.63565E+12,22.8445015
1.63565E+12,22.8445015
1.63565E+12,24.88100052
1.63565E+12,24.88100052
1.63565E+12,24.88100052
1.63565E+12,24.88100052
1.63565E+12,24.88100052
1.63565E+12,24.88100052
1.63565E+12,24.88100052
1.63565E+12,24.88100052
1.63565E+12,24.88100052
1.63565E+12,24.88100052
1.63565E+12,24.88100052
1.63565E+12,24.88100052
1.63565E+12,24.88100052
1.63565E+12,24.88100052
1.63565E+12,24.88100052
1.63565E+12,24.88100052
1.63565E+12,24.88100052
1.63565E+12,24.88100052
1.63565E+12,24.88100052
1.63565E+12,24.88100052
1.63565E+12,24.88100052
1.63565E+12,24.88100052
1.63565E+12,24.88100052
1.63565E+12,24.88100052
1.63565E+12,24.88100052
1.63565E+12,24.88100052
1.63565E+12,24.88100052
1.63565E+12,24.88100052
1.63565E+12,24.88100052
1.63565E+12,24.88100052
1.63565E+12,24.88100052
1.63565E+12,24.88100052
1.63565E+12,24.88100052
1.63565E+12,24.88100052
1.63565E+12,24.88100052
1.63565E+12,24.88100052
1.63565E+12,24.88100052
1.63565E+12,24.88100052
1.63565E+12,24.88100052
1.63565E+12,24.88100052
1.63565E+12,24.88100052
1.63565E+12,24.88100052
1.63565E+12,24.88100052
1.63565E+12,24.88100052
1.63565E+12,24.88100052
1.63565E+12,24.88100052
1.63565E+12,24.88100052
1.63565E+12,24.88100052
1.63565E+12,24.88100052
1.63565E+12,24.88100052
1.63565E+12,24.88100052
1.63565E+12,24.88100052
1.63565E+12,24.88100052
1.63565E+12,24.88100052
1.63565E+12,24.88100052
1.63565E+12,24.88100052
1.63565E+12,24.88100052
1.63565E+12,24.88100052
1.63565E+12,24.88100052
1.63565E+12,24.88100052
1.63565E+12,24.88100052
1.63565E+12,24.88100052
1.63565E+12,24.88100052
1.63565E+12,24.88100052
1.63565E+12,24.88100052
1.63565E+12,24.88100052
1.63565E+12,24.88100052
1.63565E+12,24.88100052
1.63565E+12,24.88100052
1.63565E+12,24.88100052
1.63565E+12,24.88100052
1.63565E+12,24.88100052
1.63565E+12,24.88100052
1.63565E+12,24.88100052
1.63565E+12,24.88100052
1.63565E+12,24.88100052
1.63565E+12,24.88100052
1.63565E+12,24.88100052
1.63565E+12,24.88100052
1.63565E+12,24.88100052
1.63565E+12,24.88100052
1.63565E+12,24.88100052
1.63565E+12,24.88100052
1.63565E+12,24.88100052
1.63565E+12,24.88100052
1.63565E+12,24.88100052
1.63565E+12,24.88100052
1.63565E+12,24.88100052
1.63565E+12,24.88100052
1.63565E+12,24.88100052
1.63565E+12,24.88100052
1.63565E+12,24.88100052
1.63565E+12,24.88100052
1.63565E+12,24.88100052
1.63565E+12,24.88100052
1.63565E+12,24.88100052
1.63565E+12,24.88100052
1.63565E+12,24.88100052
1.63565E+12,24.88100052
1.63565E+12,24.88100052
1.63565E+12,24.88100052
1.63565E+12,24.88100052
1.63565E+12,24.88100052
1.63565E+12,24.88100052
1.63565E+12,24.88100052
1.63565E+12,24.88100052
1.63565E+12,24.88100052
1.63565E+12,24.88100052
1.63565E+12,24.88100052
1.63565E+12,24.88100052
1.63565E+12,24.88100052
1.63565E+12,24.88100052
1.63565E+12,24.88100052
1.63565E+12,24.88100052
1.63565E+12,24.88100052
1.63565E+12,24.88100052
1.63565E+12,24.88100052
1.63565E+12,24.88100052
1.63565E+12,24.88100052
1.63565E+12,24.88100052
1.63565E+12,24.88100052
1.63565E+12,24.88100052
1.63565E+12,24.88100052
1.63565E+12,24.88100052
1.63565E+12,24.88100052
1.63565E+12,24.88100052
1.63565E+12,24.88100052
1.63565E+12,24.88100052
1.63565E+12,24.88100052
1.63565E+12,24.88100052
1.63565E+12,24.88100052
1.63565E+12,24.88100052
1.63565E+12,24.88100052
1.63565E+12,24.88100052
1.63565E+12,24.88100052
1.63565E+12,24.88100052
1.63565E+12,24.88100052
1.63565E+12,24.88100052
1.63565E+12,24.88100052
1.63565E+12,24.88100052
1.63565E+12,24.88100052
1.63565E+12,24.88100052
1.63565E+12,24.88100052
1.63565E+12,24.88100052
1.63565E+12,24.88100052
1.63565E+12,24.88100052
1.63565E+12,24.88100052
1.63565E+12,24.88100052
1.63565E+12,24.88100052
1.63565E+12,24.88100052
1.63565E+12,24.88100052
1.63565E+12,24.88100052
1.63565E+12,24.88100052
1.63565E+12,24.88100052
1.63565E+12,24.88100052
1.63565E+12,24.88100052
1.63565E+12,24.88100052
1.63565E+12,24.88100052
1.63565E+12,24.88100052
1.63565E+12,24.88100052
1.63565E+12,24.88100052
1.63565E+12,24.88100052
1.63565E+12,24.88100052
1.63565E+12,24.88100052
1.63565E+12,24.88100052
1.63565E+12,24.88100052
1.63565E+12,24.88100052
1.63565E+12,24.88100052
1.63565E+12,24.88100052
1.63565E+12,24.88100052
1.63565E+12,24.88100052
1.63565E+12,24.88100052
1.63565E+12,24.88100052
1.63565E+12,24.88100052
1.63565E+12,24.88100052
1.63565E+12,24.88100052
1.63565E+12,24.88100052
1.63565E+12,24.88100052
1.63565E+12,24.88100052
1.63565E+12,24.88100052
1.63565E+12,24.88100052
1.63565E+12,24.88100052
1.63565E+12,24.88100052
1.63565E+12,24.88100052
1.63565E+12,24.88100052
1.63565E+12,24.88100052
1.63565E+12,24.88100052
1.63565E+12,24.88100052
1.63565E+12,24.88100052
1.63565E+12,24.88100052
1.63565E+12,24.88100052
1.63565E+12,24.88100052
1.63565E+12,24.88100052
1.63565E+12,24.88100052
1.63565E+12,24.88100052
1.63565E+12,24.88100052
1.63565E+12,24.88100052
1.63565E+12,24.88100052
1.63565E+12,24.88100052
1.63565E+12,24.88100052
1.63565E+12,24.88100052
1.63565E+12,24.88100052
1.63565E+12,24.88100052
1.63565E+12,24.88100052
1.63565E+12,24.88100052
1.63565E+12,24.88100052
1.63565E+12,24.88100052
1.63565E+12,24.88100052
1.63565E+12,24.88100052
1.63565E+12,24.88100052
1.63565E+12,24.88100052
1.63565E+12,24.88100052
1.63565E+12,24.88100052
1.63565E+12,24.88100052
1.63565E+12,24.88100052
1.63565E+12,24.88100052
1.63565E+12,24.88100052
1.63565E+12,24.88100052
1.63565E+12,24.88100052
1.63565E+12,24.88100052
1.63565E+12,24.88100052
1.63565E+12,24.88100052
1.63565E+12,24.88100052
1.63565E+12,24.88100052
1.63565E+12,24.88100052
1.63565E+12,24.88100052
1.63565E+12,24.88100052
1.63565E+12,24.88100052
1.63565E+12,24.88100052
1.63565E+12,24.88100052
1.63565E+12,24.88100052
1.63565E+12,24.88100052
1.63565E+12,24.88100052
1.63565E+12,24.88100052
1.63565E+12,24.88100052
1.63565E+12,24.88100052
1.63565E+12,24.88100052
1.63565E+12,24.88100052
1.63565E+12,24.88100052
1.63565E+12,24.88100052
1.63565E+12,24.88100052
1.63565E+12,24.88100052
1.63565E+12,24.88100052
1.63565E+12,24.88100052
1.63565E+12,24.88100052
1.63565E+12,5.632000446
1.63565E+12,5.632000446
1.63565E+12,5.632000446
1.63565E+12,5.632000446
1.63565E+12,5.632000446
1.63565E+12,5.632000446
1.63565E+12,5.632000446
1.63565E+12,5.632000446
1.63565E+12,5.632000446
1.63565E+12,9.004000664
1.63565E+12,9.004000664
1.63565E+12,47.7948761
1.63565E+12,47.7948761
1.63565E+12,47.7948761
1.63565E+12,47.7948761
1.63565E+12,47.7948761
1.63565E+12,47.7948761
1.63565E+12,47.7948761
1.63565E+12,47.7948761
1.63565E+12,47.7948761
1.63565E+12,47.7948761
1.63565E+12,47.7948761
1.63565E+12,5.385625362
1.63565E+12,5.385625362
1.63565E+12,5.385625362
1.63565E+12,5.385625362
1.63565E+12,5.385625362
1.63565E+12,5.385625362
1.63565E+12,5.385625362
1.63565E+12,5.385625362
1.63565E+12,5.385625362
1.63565E+12,5.385625362
1.63565E+12,5.385625362
1.63565E+12,5.385625362
1.63565E+12,5.385625362
1.63565E+12,5.385625362
1.63565E+12,5.385625362
1.63565E+12,5.385625362
1.63565E+12,5.385625362
1.63565E+12,5.385625362
1.63565E+12,5.385625362
1.63565E+12,5.385625362
1.63565E+12,40.95550156
1.63565E+12,40.95550156
1.63565E+12,47.87800217
1.63565E+12,47.87800217
1.63565E+12,47.87800217
1.63565E+12,47.87800217
1.63565E+12,47.87800217
1.63565E+12,47.87800217
1.63565E+12,47.87800217
1.63565E+12,47.87800217
1.63565E+12,43.73600388
1.63565E+12,43.73600388
1.63565E+12,5.351875305
1.63565E+12,5.351875305
1.63565E+12,5.351875305
1.63565E+12,5.351875305
1.63565E+12,5.351875305
1.63565E+12,5.351875305
1.63565E+12,5.351875305
1.63565E+12,5.351875305
1.63565E+12,5.351875305
1.63565E+12,5.351875305
1.63565E+12,5.351875305
1.63565E+12,5.351875305
1.63565E+12,5.351875305
1.63565E+12,5.351875305
1.63565E+12,5.351875305
1.63565E+12,5.351875305
1.63565E+12,5.351875305
1.63565E+12,5.351875305
1.63565E+12,5.351875305
1.63565E+12,5.351875305
1.63565E+12,5.351875305
1.63565E+12,5.351875305
1.63565E+12,5.351875305
1.63565E+12,5.351875305
1.63565E+12,5.351875305
1.63565E+12,5.351875305
1.63565E+12,5.351875305
1.63565E+12,5.351875305
1.63565E+12,5.351875305
1.63565E+12,5.351875305
1.63565E+12,5.351875305
1.63565E+12,5.351875305
1.63565E+12,5.351875305
1.63565E+12,5.351875305
1.63565E+12,5.351875305
1.63565E+12,5.351875305
1.63565E+12,5.351875305
1.63565E+12,5.351875305
1.63565E+12,5.351875305
1.63565E+12,37.47787857
1.63565E+12,37.47787857
1.63565E+12,47.96937561
1.63565E+12,47.96937561
1.63565E+12,47.96937561
1.63565E+12,47.96937561
1.63565E+12,47.96937561
1.63565E+12,47.96937561
1.63565E+12,47.96937561
1.63565E+12,47.96937561
1.63565E+12,47.96937561
1.63565E+12,47.96937561
1.63565E+12,47.96937561
1.63565E+12,47.96937561
1.63565E+12,47.96937561
1.63565E+12,47.96937561
1.63565E+12,47.96937561
1.63565E+12,47.96937561
1.63565E+12,47.96937561
1.63565E+12,47.96937561
1.63565E+12,47.96937561
1.63565E+12,17.96300125
1.63565E+12,17.96300125
1.63565E+12,5.067625046
1.63565E+12,5.067625046
1.63565E+12,5.067625046
1.63565E+12,5.067625046
1.63565E+12,5.067625046
1.63565E+12,5.067625046
1.63565E+12,5.067625046
1.63565E+12,5.067625046
1.63565E+12,5.067625046
1.63565E+12,5.067625046
1.63565E+12,5.067625046
1.63565E+12,5.067625046
1.63565E+12,5.067625046
1.63565E+12,5.067625046
1.63565E+12,5.067625046
1.63565E+12,5.067625046
1.63565E+12,5.067625046
1.63565E+12,5.067625046
1.63565E+12,5.067625046
1.63565E+12,33.83450317
1.63565E+12,47.96937561
1.63565E+12,47.96937561
1.63565E+12,47.96937561
1.63565E+12,47.96937561
1.63565E+12,47.96937561
1.63565E+12,47.96937561
1.63565E+12,47.96937561
1.63565E+12,47.96937561
1.63565E+12,47.96937561
1.63565E+12,47.96937561
1.63565E+12,13.81950092
1.63565E+12,13.81950092
1.63565E+12,5.359250069
1.63565E+12,5.359250069
1.63565E+12,5.359250069
1.63565E+12,5.359250069
1.63565E+12,5.359250069
1.63565E+12,5.359250069
1.63565E+12,5.359250069
1.63565E+12,5.359250069
1.63565E+12,5.359250069
1.63565E+12,23.13887596
1.63565E+12,23.13887596
1.63565E+12,47.77037811
1.63565E+12,47.77037811
1.63565E+12,47.77037811
1.63565E+12,47.77037811
1.63565E+12,47.77037811
1.63565E+12,47.77037811
1.63565E+12,47.77037811
1.63565E+12,47.77037811
1.63565E+12,47.77037811
1.63565E+12,21.47162628
1.63565E+12,5.434000492
1.63565E+12,5.434000492
1.63565E+12,5.434000492
1.63565E+12,5.434000492
1.63565E+12,5.434000492
1.63565E+12,5.434000492
1.63565E+12,5.434000492
1.63565E+12,5.434000492
1.63565E+12,5.434000492
1.63565E+12,5.434000492
1.63565E+12,24.53262711
1.63565E+12,24.53262711
1.63565E+12,47.89487839
1.63565E+12,47.89487839
1.63565E+12,47.89487839
1.63565E+12,47.89487839
1.63565E+12,47.89487839
1.63565E+12,47.89487839
1.63565E+12,47.89487839
1.63565E+12,47.89487839
1.63565E+12,47.89487839
1.63565E+12,47.89487839
1.63565E+12,47.89487839
1.63565E+12,47.89487839
1.63565E+12,47.89487839
1.63565E+12,47.89487839
1.63565E+12,47.89487839
1.63565E+12,47.89487839
1.63565E+12,47.89487839
1.63565E+12,47.89487839
1.63565E+12,47.89487839
1.63565E+12,43.53700256
1.63565E+12,43.53700256
1.63565E+12,5.393000126
1.63565E+12,5.393000126
1.63565E+12,5.393000126
1.63565E+12,5.393000126
1.63565E+12,5.393000126
1.63565E+12,5.393000126
1.63565E+12,5.393000126
1.63565E+12,5.393000126
1.63565E+12,5.393000126
1.63565E+12,9.556750298
1.63565E+12,9.556750298
1.63565E+12,47.80337906
1.63565E+12,47.80337906
1.63565E+12,47.80337906
1.63565E+12,47.80337906
1.63565E+12,47.80337906
1.63565E+12,47.80337906
1.63565E+12,47.80337906
1.63565E+12,47.80337906
1.63565E+12,47.80337906
1.63565E+12,47.80337906
1.63565E+12,47.80337906
1.63565E+12,47.80337906
1.63565E+12,47.80337906
1.63565E+12,47.80337906
1.63565E+12,47.80337906
1.63565E+12,47.80337906
1.63565E+12,47.80337906
1.63565E+12,47.80337906
1.63565E+12,47.80337906
1.63565E+12,47.80337906
1.63565E+12,7.308875561
1.63565E+12,7.308875561
1.63565E+12,5.209750175
1.63565E+12,5.209750175
1.63565E+12,5.209750175
1.63565E+12,5.209750175
1.63565E+12,5.209750175
1.63565E+12,5.209750175
1.63565E+12,5.209750175
1.63565E+12,5.209750175
1.63565E+12,5.209750175
1.63565E+12,5.209750175
1.63565E+12,5.209750175
1.63565E+12,5.209750175
1.63565E+12,5.209750175
1.63565E+12,5.209750175
1.63565E+12,5.209750175
1.63565E+12,5.209750175
1.63565E+12,5.209750175
1.63565E+12,5.209750175
1.63565E+12,5.209750175
1.63565E+12,5.209750175
1.63565E+12,5.209750175
1.63565E+12,4.556500435
1.63565E+12,4.556500435
1.63565E+12,4.556500435
1.63565E+12,4.556500435
1.63565E+12,4.556500435
1.63565E+12,4.556500435
1.63565E+12,4.556500435
1.63565E+12,4.556500435
1.63565E+12,42.35937881
1.63565E+12,42.35937881
1.63565E+12,47.0408783
1.63565E+12,47.0408783
1.63565E+12,47.0408783
1.63565E+12,47.0408783
1.63565E+12,47.0408783
1.63565E+12,47.0408783
1.63565E+12,47.0408783
1.63565E+12,47.0408783
1.63565E+12,47.0408783
1.63565E+12,47.0408783
1.63565E+12,47.0408783
1.63565E+12,47.0408783
1.63565E+12,47.0408783
1.63565E+12,47.0408783
1.63565E+12,47.0408783
1.63565E+12,47.0408783
1.63565E+12,47.0408783
1.63565E+12,47.0408783
1.63565E+12,16.19012642
1.63565E+12,5.904750347
1.63565E+12,5.904750347
1.63565E+12,5.904750347
1.63565E+12,5.904750347
1.63565E+12,5.904750347
1.63565E+12,5.904750347
1.63565E+12,5.904750347
1.63565E+12,5.904750347
1.63565E+12,5.904750347
1.63565E+12,5.904750347
1.63565E+12,33.51887512
1.63565E+12,33.51887512
1.63565E+12,48.31762695
1.63565E+12,48.31762695
1.63565E+12,48.31762695
1.63565E+12,48.31762695
1.63565E+12,48.31762695
1.63565E+12,48.31762695
1.63565E+12,48.31762695
1.63565E+12,48.31762695
1.63565E+12,48.31762695
1.63565E+12,48.31762695
1.63565E+12,48.31762695
1.63565E+12,48.31762695
1.63565E+12,48.31762695
1.63565E+12,48.31762695
1.63565E+12,48.31762695
1.63565E+12,48.31762695
1.63565E+12,48.31762695
1.63565E+12,48.31762695
1.63565E+12,48.31762695
1.63565E+12,23.40437698
1.63565E+12,23.40437698
1.63565E+12,5.904750347
1.63565E+12,5.904750347
1.63565E+12,5.904750347
1.63565E+12,5.904750347
1.63565E+12,5.904750347
1.63565E+12,5.904750347
1.63565E+12,5.904750347
1.63565E+12,5.904750347
1.63565E+12,5.904750347
1.63565E+12,5.904750347
1.63565E+12,5.904750347
1.63565E+12,5.904750347
1.63565E+12,5.904750347
1.63565E+12,5.904750347
1.63565E+12,5.904750347
1.63565E+12,5.904750347
1.63565E+12,5.904750347
1.63565E+12,5.04562521
1.63565E+12,5.04562521
1.63565E+12,5.04562521
1.63565E+12,5.04562521
1.63565E+12,5.04562521
1.63565E+12,5.04562521
1.63565E+12,5.04562521
1.63565E+12,5.04562521
1.63565E+12,5.04562521
1.63565E+12,5.04562521
1.63565E+12,5.04562521
1.63565E+12,5.04562521
1.63565E+12,28.19200134
1.63565E+12,28.19200134
1.63565E+12,46.9748764
1.63565E+12,46.9748764
1.63565E+12,46.9748764
1.63565E+12,46.9748764
1.63565E+12,46.9748764
1.63565E+12,46.9748764
1.63565E+12,46.9748764
1.63565E+12,46.9748764
1.63565E+12,46.9748764
1.63565E+12,46.9748764
1.63565E+12,46.9748764
1.63565E+12,46.9748764
1.63565E+12,46.9748764
1.63565E+12,46.9748764
1.63565E+12,46.9748764
1.63565E+12,46.9748764
1.63565E+12,46.9748764
1.63565E+12,46.9748764
1.63565E+12,46.9748764
1.63565E+12,32.38300323
1.63565E+12,32.38300323
1.63565E+12,4.645750046
1.63565E+12,4.645750046
1.63565E+12,4.645750046
1.63565E+12,4.645750046
1.63565E+12,4.645750046
1.63565E+12,4.645750046
1.63565E+12,4.645750046
1.63565E+12,4.645750046
1.63565E+12,4.645750046
1.63565E+12,26.69825172
1.63565E+12,26.69825172
1.63565E+12,47.18237686
1.63565E+12,47.18237686
1.63565E+12,47.18237686
1.63565E+12,47.18237686
1.63565E+12,47.18237686
1.63565E+12,47.18237686
1.63565E+12,47.18237686
1.63565E+12,47.18237686
1.63565E+12,47.18237686
1.63565E+12,47.18237686
1.63565E+12,47.18237686
1.63565E+12,47.18237686
1.63565E+12,47.18237686
1.63565E+12,47.18237686
1.63565E+12,47.18237686
1.63565E+12,47.18237686
1.63565E+12,47.18237686
1.63565E+12,47.18237686
1.63565E+12,47.18237686
1.63565E+12,47.18237686
1.63565E+12,47.18237686
1.63565E+12,47.18237686
1.63565E+12,47.18237686
1.63565E+12,47.18237686
1.63565E+12,47.18237686
1.63565E+12,47.18237686
1.63565E+12,47.18237686
1.63565E+12,47.18237686
1.63565E+12,47.18237686
1.63565E+12,47.18237686
1.63565E+12,47.18237686
1.63565E+12,47.18237686
1.63565E+12,47.18237686
1.63565E+12,47.18237686
1.63565E+12,47.18237686
1.63565E+12,47.18237686
1.63565E+12,47.18237686
1.63565E+12,47.18237686
1.63565E+12,37.14700317
1.63565E+12,37.14700317
1.63565E+12,4.761500359
1.63565E+12,4.761500359
1.63565E+12,4.761500359
1.63565E+12,4.761500359
1.63565E+12,4.761500359
1.63565E+12,4.761500359
1.63565E+12,4.761500359
1.63565E+12,4.761500359
1.63565E+12,4.761500359
1.63565E+12,4.761500359
1.63565E+12,4.761500359
1.63565E+12,4.761500359
1.63565E+12,4.761500359
1.63565E+12,4.761500359
1.63565E+12,4.761500359
1.63565E+12,4.761500359
1.63565E+12,4.761500359
1.63565E+12,4.761500359
1.63565E+12,11.12525082
1.63565E+12,11.12525082
1.63565E+12,47.18237686
1.63565E+12,47.18237686
1.63565E+12,47.18237686
1.63565E+12,47.18237686
1.63565E+12,47.18237686
1.63565E+12,47.18237686
1.63565E+12,47.18237686
1.63565E+12,47.18237686
1.63565E+12,47.18237686
1.63565E+12,47.18237686
1.63565E+12,47.18237686
1.63565E+12,4.925625324
1.63565E+12,4.925625324
1.63565E+12,4.925625324
1.63565E+12,4.925625324
1.63565E+12,4.925625324
1.63565E+12,4.925625324
1.63565E+12,4.925625324
1.63565E+12,4.925625324
1.63565E+12,4.925625324
1.63565E+12,5.713875294
1.63565E+12,5.713875294
1.63565E+12,46.9748764
1.63565E+12,46.9748764
1.63565E+12,46.9748764
1.63565E+12,46.9748764
1.63565E+12,46.9748764
1.63565E+12,46.9748764
1.63565E+12,46.9748764
1.63565E+12,46.9748764
1.63565E+12,46.9748764
1.63565E+12,46.9748764
1.63565E+12,46.9748764
1.63565E+12,46.9748764
1.63565E+12,46.9748764
1.63565E+12,46.9748764
1.63565E+12,46.9748764
1.63565E+12,46.9748764
1.63565E+12,46.9748764
1.63565E+12,46.9748764
1.63565E+12,46.9748764
1.63565E+12,10.62850094
1.63565E+12,10.62850094
1.63565E+12,4.850875378
1.63565E+12,4.850875378
1.63565E+12,4.850875378
1.63565E+12,4.850875378
1.63565E+12,4.850875378
1.63565E+12,4.850875378
1.63565E+12,4.850875378
1.63565E+12,4.850875378
1.63565E+12,4.850875378
1.63565E+12,4.850875378
1.63565E+12,4.850875378
1.63565E+12,4.850875378
1.63565E+12,4.850875378
1.63565E+12,4.850875378
1.63565E+12,4.850875378
1.63565E+12,4.850875378
1.63565E+12,4.850875378
1.63565E+12,4.850875378
1.63565E+12,4.850875378
1.63565E+12,4.850875378
1.63565E+12,4.850875378
1.63565E+12,4.850875378
1.63565E+12,4.850875378
1.63565E+12,4.850875378
1.63565E+12,4.850875378
1.63565E+12,4.850875378
1.63565E+12,4.850875378
1.63565E+12,4.850875378
1.63565E+12,4.850875378
1.63565E+12,4.850875378
1.63565E+12,4.850875378
1.63565E+12,4.850875378
1.63565E+12,4.850875378
1.63565E+12,4.850875378
1.63565E+12,4.850875378
1.63565E+12,4.850875378
1.63565E+12,4.850875378
1.63565E+12,35.16337585
1.63565E+12,35.16337585
1.63565E+12,47.31537628
1.63565E+12,47.31537628
1.63565E+12,47.31537628
1.63565E+12,47.31537628
1.63565E+12,47.31537628
1.63565E+12,47.31537628
1.63565E+12,47.31537628
1.63565E+12,47.31537628
1.63565E+12,47.31537628
1.63565E+12,17.39850044
1.63565E+12,17.39850044
1.63565E+12,4.675000191
1.63565E+12,4.675000191
1.63565E+12,4.675000191
1.63565E+12,4.675000191
1.63565E+12,4.675000191
1.63565E+12,4.675000191
1.63565E+12,4.675000191
1.63565E+12,4.675000191
1.63565E+12,4.675000191
1.63565E+12,4.675000191
1.63565E+12,4.675000191
1.63565E+12,4.675000191
1.63565E+12,4.675000191
1.63565E+12,4.675000191
1.63565E+12,4.675000191
1.63565E+12,4.675000191
1.63565E+12,4.675000191
1.63565E+12,4.675000191
1.63565E+12,4.675000191
1.63565E+12,4.675000191
1.63565E+12,4.675000191
1.63565E+12,4.675000191
1.63565E+12,4.675000191
1.63565E+12,4.675000191
1.63565E+12,4.675000191
1.63565E+12,4.675000191
1.63565E+12,4.675000191
1.63565E+12,4.675000191
1.63565E+12,4.675000191
1.63565E+12,4.675000191
1.63565E+12,4.675000191
1.63565E+12,4.675000191
1.63565E+12,4.675000191
1.63565E+12,4.675000191
1.63565E+12,4.675000191
1.63565E+12,4.675000191
1.63565E+12,4.675000191
1.63565E+12,4.675000191
1.63565E+12,4.675000191
1.63565E+12,4.675000191
1.63565E+12,4.675000191
1.63565E+12,4.675000191
1.63565E+12,4.675000191
1.63565E+12,4.675000191
1.63565E+12,4.675000191
1.63565E+12,4.675000191
1.63565E+12,4.675000191
1.63565E+12,4.675000191
1.63565E+12,4.675000191
1.63565E+12,4.675000191
1.63565E+12,4.675000191
1.63565E+12,4.675000191
1.63565E+12,4.675000191
1.63565E+12,4.675000191
1.63565E+12,4.675000191
1.63565E+12,4.675000191
1.63565E+12,20.24337578
1.63565E+12,20.24337578
1.63565E+12,47.11712646
1.63565E+12,47.11712646
1.63565E+12,47.11712646
1.63565E+12,47.11712646
1.63565E+12,47.11712646
1.63565E+12,47.11712646
1.63565E+12,47.11712646
1.63565E+12,47.11712646
1.63565E+12,47.11712646
1.63565E+12,31.86862564
1.63565E+12,31.86862564
1.63565E+12,4.872875214
1.63565E+12,4.872875214
1.63565E+12,4.872875214
1.63565E+12,4.872875214
1.63565E+12,4.872875214
1.63565E+12,4.872875214
1.63565E+12,4.872875214
1.63565E+12,4.872875214
1.63565E+12,4.872875214
1.63565E+12,4.872875214
1.63565E+12,18.8166256
1.63565E+12,18.8166256
1.63565E+12,47.34075165
1.63565E+12,47.34075165
1.63565E+12,47.34075165
1.63565E+12,47.34075165
1.63565E+12,47.34075165
1.63565E+12,47.34075165
1.63565E+12,47.34075165
1.63565E+12,47.34075165
1.63565E+12,47.34075165
1.63565E+12,33.9851265
1.63565E+12,33.9851265
1.63565E+12,4.846625328
1.63565E+12,4.846625328
1.63565E+12,4.846625328
1.63565E+12,4.846625328
1.63565E+12,4.846625328
1.63565E+12,4.846625328
1.63565E+12,4.846625328
1.63565E+12,4.846625328
1.63565E+12,4.846625328
1.63565E+12,10.70175076
1.63565E+12,10.70175076
1.63565E+12,47.39075089
1.63565E+12,47.39075089
1.63565E+12,47.39075089
1.63565E+12,47.39075089
1.63565E+12,47.39075089
1.63565E+12,47.39075089
1.63565E+12,47.39075089
1.63565E+12,47.39075089
1.63565E+12,47.39075089
1.63565E+12,47.39075089
1.63565E+12,47.39075089
1.63565E+12,47.39075089
1.63565E+12,47.39075089
1.63565E+12,47.39075089
1.63565E+12,47.39075089
1.63565E+12,47.39075089
1.63565E+12,47.39075089
1.63565E+12,47.39075089
1.63565E+12,47.39075089
1.63565E+12,47.39075089
1.63565E+12,47.39075089
1.63565E+12,47.39075089
1.63565E+12,47.39075089
1.63565E+12,47.39075089
1.63565E+12,47.39075089
1.63565E+12,47.39075089
1.63565E+12,47.39075089
1.63565E+12,47.39075089
1.63565E+12,40.95737839
1.63565E+12,40.95737839
1.63565E+12,4.675000191
1.63565E+12,4.675000191
1.63565E+12,4.675000191
1.63565E+12,4.675000191
1.63565E+12,4.675000191
1.63565E+12,4.675000191
1.63565E+12,4.675000191
1.63565E+12,4.675000191
1.63565E+12,4.675000191
1.63565E+12,12.27662563
1.63565E+12,12.27662563
1.63565E+12,47.55587769
1.63565E+12,47.55587769
1.63565E+12,47.55587769
1.63565E+12,47.55587769
1.63565E+12,47.55587769
1.63565E+12,47.55587769
1.63565E+12,47.55587769
1.63565E+12,47.55587769
1.63565E+12,47.55587769
1.63565E+12,47.55587769
1.63565E+12,47.55587769
1.63565E+12,47.55587769
1.63565E+12,47.55587769
1.63565E+12,47.55587769
1.63565E+12,47.55587769
1.63565E+12,47.55587769
1.63565E+12,47.55587769
1.63565E+12,47.55587769
1.63565E+12,47.55587769
1.63565E+12,7.197500229
1.63565E+12,5.056125164
1.63565E+12,5.056125164
1.63565E+12,5.056125164
1.63565E+12,5.056125164
1.63565E+12,5.056125164
1.63565E+12,5.056125164
1.63565E+12,5.056125164
1.63565E+12,4.525625229
1.63565E+12,8.227625847
1.63565E+12,47.02562714
1.63565E+12,47.02562714
1.63565E+12,47.02562714
1.63565E+12,47.02562714
1.63565E+12,47.02562714
1.63565E+12,47.02562714
1.63565E+12,47.02562714
1.63565E+12,47.02562714
1.63565E+12,47.02562714
1.63565E+12,47.02562714
1.63565E+12,47.02562714
1.63565E+12,47.02562714
1.63565E+12,47.02562714
1.63565E+12,47.02562714
1.63565E+12,47.02562714
1.63565E+12,47.02562714
1.63565E+12,47.02562714
1.63565E+12,47.02562714
1.63565E+12,47.02562714
1.63565E+12,47.02562714
1.63565E+12,47.02562714
1.63565E+12,47.02562714
1.63565E+12,47.02562714
1.63565E+12,47.02562714
1.63565E+12,47.02562714
1.63565E+12,47.02562714
1.63565E+12,47.02562714
1.63565E+12,47.02562714
1.63565E+12,47.02562714
1.63565E+12,47.02562714
1.63565E+12,47.02562714
1.63565E+12,47.02562714
1.63565E+12,47.02562714
1.63565E+12,47.02562714
1.63565E+12,47.02562714
1.63565E+12,11.77837563
1.63565E+12,11.77837563
1.63565E+12,4.757125378
1.63565E+12,4.757125378
1.63565E+12,4.757125378
1.63565E+12,4.757125378
1.63565E+12,4.757125378
1.63565E+12,4.757125378
1.63565E+12,4.757125378
1.63565E+12,4.757125378
1.63565E+12,4.757125378
1.63565E+12,38.5917511
1.63565E+12,38.5917511
1.63565E+12,47.17475128
1.63565E+12,47.17475128
1.63565E+12,47.17475128
1.63565E+12,47.17475128
1.63565E+12,47.17475128
1.63565E+12,47.17475128
1.63565E+12,47.17475128
1.63565E+12,47.17475128
1.63565E+12,47.17475128
1.63565E+12,47.17475128
1.63565E+12,47.17475128
1.63565E+12,47.17475128
1.63565E+12,47.17475128
1.63565E+12,47.17475128
1.63565E+12,47.17475128
1.63565E+12,47.17475128
1.63565E+12,47.17475128
1.63565E+12,47.17475128
1.63565E+12,47.17475128
1.63565E+12,47.17475128
1.63565E+12,47.17475128
1.63565E+12,47.17475128
1.63565E+12,47.17475128
1.63565E+12,47.17475128
1.63565E+12,47.17475128
1.63565E+12,47.17475128
1.63565E+12,22.05187607
1.63565E+12,22.05187607
1.63565E+12,4.805500031
1.63565E+12,4.805500031
1.63565E+12,4.805500031
1.63565E+12,4.805500031
1.63565E+12,4.805500031
1.63565E+12,4.805500031
1.63565E+12,4.805500031
1.63565E+12,4.805500031
1.63565E+12,4.805500031
1.63565E+12,4.805500031
1.63565E+12,4.805500031
1.63565E+12,4.805500031
1.63565E+12,4.805500031
1.63565E+12,4.805500031
1.63565E+12,4.805500031
1.63565E+12,4.805500031
1.63565E+12,4.805500031
1.63565E+12,4.805500031
1.63565E+12,27.44537544
1.63565E+12,27.44537544
1.63565E+12,47.26625061
1.63565E+12,47.26625061
1.63565E+12,47.26625061
1.63565E+12,47.26625061
1.63565E+12,47.26625061
1.63565E+12,47.26625061
1.63565E+12,47.26625061
1.63565E+12,47.26625061
1.63565E+12,25.32937622
1.63565E+12,4.764500141
1.63565E+12,4.764500141
1.63565E+12,4.764500141
1.63565E+12,4.764500141
1.63565E+12,4.764500141
1.63565E+12,4.764500141
1.63565E+12,4.764500141
1.63565E+12,4.764500141
1.63565E+12,4.764500141
1.63565E+12,4.764500141
1.63565E+12,4.764500141
1.63565E+12,4.764500141
1.63565E+12,4.764500141
1.63565E+12,4.764500141
1.63565E+12,4.764500141
1.63565E+12,4.764500141
1.63565E+12,4.764500141
1.63565E+12,4.764500141
1.63565E+12,28.6902523
1.63565E+12,28.6902523
1.63565E+12,47.14175034
1.63565E+12,47.14175034
1.63565E+12,47.14175034
1.63565E+12,47.14175034
1.63565E+12,47.14175034
1.63565E+12,47.14175034
1.63565E+12,47.14175034
1.63565E+12,47.14175034
1.63565E+12,47.14175034
1.63565E+12,47.14175034
1.63565E+12,47.14175034
1.63565E+12,47.14175034
1.63565E+12,47.14175034
1.63565E+12,47.14175034
1.63565E+12,47.14175034
1.63565E+12,47.14175034
1.63565E+12,47.14175034
1.63565E+12,32.34200287
1.63565E+12,4.969875336
1.63565E+12,4.969875336
1.63565E+12,4.969875336
1.63565E+12,4.969875336
1.63565E+12,4.969875336
1.63565E+12,4.969875336
1.63565E+12,4.969875336
1.63565E+12,4.969875336
1.63565E+12,4.969875336
1.63565E+12,15.59062576
1.63565E+12,15.59062576
1.63565E+12,47.34925079
1.63565E+12,47.34925079
1.63565E+12,47.34925079
1.63565E+12,47.34925079
1.63565E+12,47.34925079
1.63565E+12,47.34925079
1.63565E+12,47.34925079
1.63565E+12,47.34925079
1.63565E+12,47.34925079
1.63565E+12,47.34925079
1.63565E+12,47.34925079
1.63565E+12,47.34925079
1.63565E+12,47.34925079
1.63565E+12,47.34925079
1.63565E+12,47.34925079
1.63565E+12,47.34925079
1.63565E+12,47.34925079
1.63565E+12,47.34925079
1.63565E+12,39.89525223
1.63565E+12,4.738250256
1.63565E+12,4.738250256
1.63565E+12,4.738250256
1.63565E+12,4.738250256
1.63565E+12,4.738250256
1.63565E+12,4.738250256
1.63565E+12,4.738250256
1.63565E+12,4.738250256
1.63565E+12,4.738250256
1.63565E+12,4.738250256
1.63565E+12,4.738250256
1.63565E+12,4.738250256
1.63565E+12,4.738250256
1.63565E+12,4.738250256
1.63565E+12,4.738250256
1.63565E+12,4.738250256
1.63565E+12,4.738250256
1.63565E+12,4.738250256
1.63565E+12,4.738250256
1.63565E+12,4.738250256
1.63565E+12,4.738250256
1.63565E+12,4.738250256
1.63565E+12,4.738250256
1.63565E+12,4.738250256
1.63565E+12,4.738250256
1.63565E+12,4.738250256
1.63565E+12,5.759000301
1.63565E+12,5.759000301
1.63565E+12,46.90962601
1.63565E+12,46.90962601
1.63565E+12,46.90962601
1.63565E+12,46.90962601
1.63565E+12,46.90962601
1.63565E+12,46.90962601
1.63565E+12,46.90962601
1.63565E+12,46.90962601
1.63565E+12,46.90962601
1.63565E+12,46.90962601
1.63565E+12,46.90962601
1.63565E+12,46.90962601
1.63565E+12,46.90962601
1.63565E+12,46.90962601
1.63565E+12,46.90962601
1.63565E+12,46.90962601
1.63565E+12,46.90962601
1.63565E+12,46.90962601
1.63565E+12,15.69812584
1.63565E+12,15.69812584
1.63565E+12,4.663500309
1.63565E+12,4.663500309
1.63565E+12,4.663500309
1.63565E+12,4.663500309
1.63565E+12,4.663500309
1.63565E+12,4.663500309
1.63565E+12,4.663500309
1.63565E+12,4.663500309
1.63565E+12,4.663500309
1.63565E+12,4.663500309
1.63565E+12,4.663500309
1.63565E+12,4.663500309
1.63565E+12,4.663500309
1.63565E+12,4.663500309
1.63565E+12,4.663500309
1.63565E+12,4.663500309
1.63565E+12,4.663500309
1.63565E+12,4.663500309
1.63565E+12,38.45100021
1.63565E+12,47.20012665
1.63565E+12,47.20012665
1.63565E+12,47.20012665
1.63565E+12,47.20012665
1.63565E+12,47.20012665
1.63565E+12,47.20012665
1.63565E+12,47.20012665
1.63565E+12,47.20012665
1.63565E+12,24.30875206
1.63565E+12,4.820375443
1.63565E+12,4.820375443
1.63565E+12,4.820375443
1.63565E+12,4.820375443
1.63565E+12,4.820375443
1.63565E+12,4.820375443
1.63565E+12,4.820375443
1.63565E+12,4.820375443
1.63565E+12,4.820375443
1.63565E+12,4.820375443
1.63565E+12,4.820375443
1.63565E+12,4.820375443
1.63565E+12,4.820375443
1.63565E+12,4.820375443
1.63565E+12,4.820375443
1.63565E+12,4.820375443
1.63565E+12,4.820375443
1.63565E+12,4.820375443
1.63565E+12,4.820375443
1.63565E+12,4.820375443
1.63565E+12,4.820375443
1.63565E+12,4.820375443
1.63565E+12,4.820375443
1.63565E+12,4.820375443
1.63565E+12,4.820375443
1.63565E+12,4.820375443
1.63565E+12,4.820375443
1.63565E+12,4.820375443
1.63565E+12,4.820375443
1.63565E+12,4.820375443
1.63565E+12,4.820375443
1.63565E+12,4.820375443
1.63565E+12,4.820375443
1.63565E+12,4.820375443
1.63565E+12,4.820375443
1.63565E+12,14.65362549
1.63565E+12,14.65362549
1.63565E+12,47.15862656
1.63565E+12,47.15862656
1.63565E+12,47.15862656
1.63565E+12,47.15862656
1.63565E+12,47.15862656
1.63565E+12,47.15862656
1.63565E+12,47.15862656
1.63565E+12,47.15862656
1.63565E+12,47.15862656
1.63565E+12,20.65000153
1.63565E+12,20.65000153
1.63565E+12,5.919625282
1.63565E+12,5.919625282
1.63565E+12,5.919625282
1.63565E+12,5.919625282
1.63565E+12,5.919625282
1.63565E+12,5.919625282
1.63565E+12,5.919625282
1.63565E+12,5.919625282
1.63565E+12,5.919625282
1.63565E+12,5.919625282
1.63565E+12,5.919625282
1.63565E+12,5.919625282
1.63565E+12,5.919625282
1.63565E+12,5.919625282
1.63565E+12,5.919625282
1.63565E+12,5.919625282
1.63565E+12,5.919625282
1.63565E+12,5.919625282
1.63565E+12,5.919625282
1.63565E+12,5.919625282
1.63565E+12,5.919625282
1.63565E+12,5.919625282
1.63565E+12,5.919625282
1.63565E+12,5.919625282
1.63565E+12,5.919625282
1.63565E+12,5.919625282
1.63565E+12,5.919625282
1.63565E+12,5.919625282
1.63565E+12,5.919625282
1.63565E+12,5.919625282
1.63565E+12,5.919625282
1.63565E+12,5.919625282
1.63565E+12,5.919625282
1.63565E+12,5.919625282
1.63565E+12,5.919625282
1.63565E+12,24.69850159
1.63565E+12,24.69850159
1.63565E+12,48.32762909
1.63565E+12,48.32762909
1.63565E+12,48.32762909
1.63565E+12,48.32762909
1.63565E+12,48.32762909
1.63565E+12,48.32762909
1.63565E+12,48.32762909
1.63565E+12,48.32762909
1.63565E+12,48.32762909
1.63565E+12,30.3743763
1.63565E+12,30.3743763
1.63565E+12,6.028125286
1.63565E+12,6.028125286
1.63565E+12,6.028125286
1.63565E+12,6.028125286
1.63565E+12,6.028125286
1.63565E+12,6.028125286
1.63565E+12,6.028125286
1.63565E+12,6.028125286
1.63565E+12,6.028125286
1.63565E+12,6.028125286
1.63565E+12,6.028125286
1.63565E+12,6.028125286
1.63565E+12,6.028125286
1.63565E+12,6.028125286
1.63565E+12,6.028125286
1.63565E+12,6.028125286
1.63565E+12,6.028125286
1.63565E+12,6.028125286
1.63565E+12,6.028125286
1.63565E+12,6.028125286
1.63565E+12,6.028125286
1.63565E+12,6.028125286
1.63565E+12,6.028125286
1.63565E+12,6.028125286
1.63565E+12,6.028125286
1.63565E+12,6.028125286
1.63565E+12,6.028125286
1.63565E+12,6.028125286
1.63565E+12,6.028125286
1.63565E+12,6.028125286
1.63565E+12,6.028125286
1.63565E+12,6.028125286
1.63565E+12,6.028125286
1.63565E+12,6.028125286
1.63565E+12,6.028125286
1.63565E+12,9.420750618
1.63565E+12,9.420750618
1.63565E+12,48.29450226
1.63565E+12,48.29450226
1.63565E+12,48.29450226
1.63565E+12,48.29450226
1.63565E+12,48.29450226
1.63565E+12,48.29450226
1.63565E+12,48.29450226
1.63565E+12,48.29450226
1.63565E+12,48.29450226
1.63565E+12,48.29450226
1.63565E+12,7.914875507
1.63565E+12,7.914875507
1.63565E+12,5.901125431
1.63565E+12,5.901125431
1.63565E+12,5.901125431
1.63565E+12,5.901125431
1.63565E+12,5.901125431
1.63565E+12,5.901125431
1.63565E+12,5.901125431
1.63565E+12,5.901125431
1.63565E+12,5.901125431
1.63565E+12,47.18325043
1.63565E+12,47.18325043
1.63565E+12,47.18325043
1.63565E+12,47.18325043
1.63565E+12,47.18325043
1.63565E+12,47.18325043
1.63565E+12,47.18325043
1.63565E+12,47.18325043
1.63565E+12,47.18325043
1.63565E+12,7.855625153
1.63565E+12,7.855625153
1.63565E+12,5.792750359
1.63565E+12,5.792750359
1.63565E+12,5.792750359
1.63565E+12,5.792750359
1.63565E+12,5.792750359
1.63565E+12,5.792750359
1.63565E+12,5.792750359
1.63565E+12,5.792750359
1.63565E+12,5.792750359
1.63565E+12,5.792750359
1.63565E+12,5.792750359
1.63565E+12,5.792750359
1.63565E+12,5.792750359
1.63565E+12,5.792750359
1.63565E+12,5.792750359
1.63565E+12,5.792750359
1.63565E+12,5.792750359
1.63565E+12,5.792750359
1.63565E+12,5.792750359
1.63565E+12,5.792750359
1.63565E+12,5.792750359
1.63565E+12,5.792750359
1.63565E+12,5.792750359
1.63565E+12,5.792750359
1.63565E+12,5.792750359
1.63565E+12,5.792750359
1.63565E+12,5.792750359
1.63565E+12,5.792750359
1.63565E+12,5.792750359
1.63565E+12,5.792750359
1.63565E+12,5.792750359
1.63565E+12,5.792750359
1.63565E+12,5.792750359
1.63565E+12,5.792750359
1.63565E+12,5.792750359
1.63565E+12,5.792750359
1.63565E+12,5.792750359
1.63565E+12,5.792750359
1.63565E+12,5.792750359
1.63565E+12,5.792750359
1.63565E+12,5.792750359
1.63565E+12,5.792750359
1.63565E+12,5.792750359
1.63565E+12,5.792750359
1.63565E+12,47.05862808
1.63565E+12,47.05862808
1.63565E+12,47.05862808
1.63565E+12,47.05862808
1.63565E+12,47.05862808
1.63565E+12,47.05862808
1.63565E+12,47.05862808
1.63565E+12,47.05862808
1.63565E+12,47.05862808
1.63565E+12,47.05862808
1.63565E+12,8.261125565
1.63565E+12,8.261125565
1.63565E+12,5.998625278
1.63565E+12,5.998625278
1.63565E+12,5.998625278
1.63565E+12,5.998625278
1.63565E+12,5.998625278
1.63565E+12,5.998625278
1.63565E+12,5.998625278
1.63565E+12,5.998625278
1.63565E+12,5.998625278
1.63565E+12,41.32325363
1.63565E+12,41.32325363
1.63565E+12,47.83125305
1.63565E+12,47.83125305
1.63565E+12,47.83125305
1.63565E+12,47.83125305
1.63565E+12,47.83125305
1.63565E+12,47.83125305
1.63565E+12,47.83125305
1.63565E+12,47.83125305
1.63565E+12,18.68375015
1.63565E+12,5.575750351
1.63565E+12,5.575750351
1.63565E+12,5.575750351
1.63565E+12,5.575750351
1.63565E+12,5.575750351
1.63565E+12,5.575750351
1.63565E+12,5.575750351
1.63565E+12,5.575750351
1.63565E+12,5.575750351
1.63565E+12,39.49712753
1.63565E+12,39.49712753
1.63565E+12,47.8397522
1.63565E+12,47.8397522
1.63565E+12,47.8397522
1.63565E+12,47.8397522
1.63565E+12,47.8397522
1.63565E+12,47.8397522
1.63565E+12,47.8397522
1.63565E+12,47.8397522
1.63565E+12,47.8397522
1.63565E+12,47.8397522
1.63565E+12,47.8397522
1.63565E+12,47.8397522
1.63565E+12,47.8397522
1.63565E+12,47.8397522
1.63565E+12,47.8397522
1.63565E+12,47.8397522
1.63565E+12,47.8397522
1.63565E+12,47.8397522
1.63565E+12,47.8397522
1.63565E+12,47.8397522
1.63565E+12,47.8397522
1.63565E+12,47.8397522
1.63565E+12,47.8397522
1.63565E+12,47.8397522
1.63565E+12,47.8397522
1.63565E+12,47.8397522
1.63565E+12,47.8397522
1.63565E+12,47.8397522
1.63565E+12,47.8397522
1.63565E+12,47.8397522
1.63565E+12,47.8397522
1.63565E+12,47.8397522
1.63565E+12,47.8397522
1.63565E+12,47.8397522
1.63565E+12,47.8397522
1.63565E+12,47.8397522
1.63565E+12,47.8397522
1.63565E+12,47.8397522
1.63565E+12,47.8397522
1.63565E+12,47.8397522
1.63565E+12,47.8397522
1.63565E+12,47.8397522
1.63565E+12,47.8397522
1.63565E+12,47.8397522
1.63565E+12,47.8397522
1.63565E+12,47.8397522
1.63565E+12,47.8397522
1.63565E+12,47.8397522
1.63565E+12,47.8397522
1.63565E+12,47.8397522
1.63565E+12,47.8397522
1.63565E+12,47.8397522
1.63565E+12,47.8397522
1.63565E+12,47.8397522
1.63565E+12,47.8397522
1.63565E+12,47.8397522
1.63565E+12,47.8397522
1.63565E+12,47.8397522
1.63565E+12,47.8397522
1.63565E+12,47.8397522
1.63565E+12,47.8397522
1.63565E+12,47.8397522
1.63565E+12,47.8397522
1.63565E+12,47.8397522
1.63565E+12,47.8397522
1.63565E+12,47.8397522
1.63565E+12,47.8397522
1.63565E+12,47.8397522
1.63565E+12,47.8397522
1.63565E+12,47.8397522
1.63565E+12,40.29337692
1.63565E+12,40.29337692
1.63565E+12,25.36250114
1.63565E+12,25.36250114
1.63565E+12,25.36250114
1.63565E+12,25.36250114
1.63565E+12,25.36250114
1.63565E+12,25.36250114
1.63565E+12,25.36250114
1.63565E+12,25.36250114
1.63565E+12,25.36250114
1.63565E+12,25.36250114
1.63565E+12,25.36250114
1.63565E+12,25.36250114
1.63565E+12,25.36250114
1.63565E+12,25.36250114
1.63565E+12,25.36250114
1.63565E+12,25.36250114
1.63565E+12,25.36250114
1.63565E+12,25.36250114
1.63565E+12,25.36250114
1.63565E+12,25.36250114
1.63565E+12,25.36250114
1.63565E+12,25.36250114
1.63565E+12,25.36250114
1.63565E+12,25.36250114
1.63565E+12,25.36250114
1.63565E+12,25.36250114
1.63565E+12,25.36250114
1.63565E+12,25.36250114
1.63565E+12,25.36250114
1.63565E+12,25.36250114
1.63565E+12,25.36250114
1.63565E+12,25.36250114
1.63565E+12,25.36250114
1.63565E+12,25.36250114
1.63565E+12,25.36250114
1.63565E+12,25.36250114
1.63565E+12,25.36250114
1.63565E+12,25.36250114
1.63565E+12,25.36250114
1.63565E+12,25.36250114
1.63565E+12,25.36250114
1.63565E+12,25.36250114
1.63565E+12,25.36250114
1.63565E+12,25.36250114
1.63565E+12,25.36250114
1.63565E+12,25.36250114
1.63565E+12,25.36250114
1.63565E+12,25.36250114
1.63565E+12,25.36250114
1.63565E+12,25.36250114
1.63565E+12,25.36250114
1.63565E+12,25.36250114
1.63565E+12,25.36250114
1.63565E+12,25.36250114
1.63565E+12,25.36250114
1.63565E+12,25.36250114
1.63565E+12,25.36250114
1.63565E+12,25.36250114
1.63565E+12,25.36250114
1.63565E+12,25.36250114
1.63565E+12,25.36250114
1.63565E+12,25.36250114
1.63565E+12,25.36250114
1.63565E+12,25.36250114
1.63565E+12,25.36250114
1.63565E+12,25.36250114
1.63565E+12,25.36250114
1.63565E+12,25.36250114
1.63565E+12,25.36250114
1.63565E+12,25.36250114
1.63565E+12,25.36250114
1.63565E+12,25.36250114
1.63565E+12,25.36250114
1.63565E+12,25.36250114
1.63565E+12,25.36250114
1.63565E+12,25.36250114
1.63565E+12,25.36250114
1.63565E+12,25.36250114
